[
	{
		"name": "Holodeck",
		"replaces": "Circus Maximus",
		"uniqueTo": "Aliens",
		"cost": 480,
		"happiness": 12,
		"culture": 12,
		"science": 12,
		"maintenance": 96,
		"isNationalWonder": true,
		"requiredBuildingInAllCities": "Colosseum",
		"requiredTech": "Horseback Riding"
	},
	{
		"name": "Breeders",
		"replaces": "Aqueduct",
		"uniqueTo": "Aliens",
		"cost": 80,
		"hurryCostModifier": 160,
		"happiness": 2,
		"uniques": ["40% of food is carried over after a new citizen is born"],
		"requiredTech": "Engineering"
	}
]