[
	{
		"name": "Planet Trade Organization",
		"leaderName": "Frieza",
		"adjective": ["Frieza Force"],
		"startBias": ["Snow"],
		"preferredVictoryType": "Domination",
		
		"startIntroPart1": "Lord Frieza, we have encountered this planet full of life. command us to victory, our galactic emperor...",
		
		"declaringWar": "Shall we begin this spectacle of horror?",
		"attacked": "It’s Been So Long Since I Felt Pain. It’s Such A Strange Sensation.",
		"defeated": "Curse it allll!",
		"introduction": "As superior galactic entities, you are not worthy of our attention.",
		
		"neutralHello": "How are you doing?",
		"neutralLetsHearIt": ["Go on.","What do you say?","You may begin."],
		"neutralNo": ["We absolutely refuse.","No!","I refuse."],
		"neutralYes": ["Very good.","Of course, yes.","That is very good."],

		"hateHello": "What do you want now?",
		"hateLetsHearIt": ["Speak!","What do you say?","Go on."],
		"hateNo": ["I beg your pardon?"],
		"hateYes": ["That is fine.","That is good enough.","Very well..."],
		
		"afterPeace": "Very well, all that fighting was getting boring anyway.",
		"tradeRequest": "We bestow you the honor of this trade offer.",

		"outerColor": [16,16,16],
		"innerColor": [255,200,200],
		"unique": "MANIFEST_DESTINY",
		"cities": ["The Hive","Q'Throczan","Q'Chovex","Q'Imphet","Q'Omphead","Q'Grecoks","Q'Vrelzieks","Q'Vronens","Q'Aerlae",
			"Q'Phulnoith","Q'Creved","Q'Xirqen","Q'Gax","Q'Threqals","Q'Bhilmuk","Q'Mazea","Q'Zomirs","Q'Drorkrex","Q'Honkrath",
			"Q'Zulgra","Q'Vahars","Q'Crindith","Q'Raavraes","Q'Bhoknais","Qho'Qru","Q'Dateatz","Q'Elnad","Q'Izien","Qol'Ell",
			"Q'Dhihien","Q'Naquiel","Q'Ugneon","Q'Straquks","Q'Nulptr","Q'Ohfahl"]
	}
]
